,books,books,conspiracy,conspiracy,crypto,crypto,politics,politics
,sm,sklearn,sm,sklearn,sm,sklearn,sm,sklearn
intercept,-0.903772356214642,-0.90374561787639,1.39516454386398,1.39516514970601,-0.448156799448981,-0.448155810014432,0.24144029110389,0.241439841503032
post_activity_count,-0.051011064380968,-0.051002671494196,,,,,0.005107796624438,0.005107801637081
comment_activity_count,0.161382700760738,0.161359566325592,0.007240948555028,0.00724094752294,0.003305262714766,0.003305247381644,0.005228411617458,0.005228387652894
num_dayofweek,0.0069576798679,0.006954999561435,,,,,,
calibration_auc,0.781662959623284,0.781662959623284,0.777406034801497,0.777406034801497,0.81858957289056,0.81858957289056,0.714616020547299,0.714616020547299
validation_auc,0.789547258297258,0.789547258297258,0.806135026371573,0.806135026371573,0.831020609824958,0.831020609824958,0.688733505182204,0.688733505182204
